com.zaxxer.hikari.HikariPool,sink,339
com.zaxxer.hikari.HikariPool,sink,372
com.zaxxer.hikari.HikariPool,sink,356
com.zaxxer.hikari.HikariPool,sink,365
com.zaxxer.hikari.HikariPool,source,339
com.zaxxer.hikari.HikariPool,source,372
com.zaxxer.hikari.HikariPool,source,345
com.zaxxer.hikari.HikariPool,source,346
com.zaxxer.hikari.HikariPool,source,362
com.zaxxer.hikari.HikariPool,source,347
com.zaxxer.hikari.HikariPool,source,348
com.zaxxer.hikari.HikariPool,source,349
com.zaxxer.hikari.HikariPool,source,365