com.zaxxer.hikari.HikariPool,source,339
com.zaxxer.hikari.HikariPool,source,372
com.zaxxer.hikari.HikariPool,source,356
com.zaxxer.hikari.HikariPool,source,365
com.zaxxer.hikari.HikariPool,sink,339
com.zaxxer.hikari.HikariPool,sink,372
com.zaxxer.hikari.HikariPool,sink,345
com.zaxxer.hikari.HikariPool,sink,346
com.zaxxer.hikari.HikariPool,sink,362
com.zaxxer.hikari.HikariPool,sink,347
com.zaxxer.hikari.HikariPool,sink,348
com.zaxxer.hikari.HikariPool,sink,349
com.zaxxer.hikari.HikariPool,sink,365